City_ID,City,Country,Lat,Lng,Max Temp,Humidity,Cloudiness,Wind Speed,Current Description
0,Rikitea,PF,-23.1203,-134.9692,75.51,77,100,8.93,light rain
1,Novo Aripuana,BR,-5.1206,-60.3797,74.25,95,98,1.28,overcast clouds
2,Aksarka,RU,66.5606,67.7975,14.04,88,96,4.5,overcast clouds
3,Pilar Do Sul,BR,-23.8131,-47.7164,58.93,94,35,6.73,scattered clouds
4,Bluff,NZ,-46.6,168.3333,58.84,76,93,12.01,overcast clouds
5,Cayenne,GF,4.9333,-52.3333,80.1,85,40,1.01,scattered clouds
6,Bethanien,NA,-26.502,17.1583,50.22,66,0,13.94,clear sky
7,Vaini,TO,-21.2,-175.2,77.16,100,90,2.3,moderate rain
8,Pahrump,US,36.2083,-115.9839,69.17,24,13,1.01,few clouds
9,Avarua,CK,-21.2078,-159.775,73.45,73,40,9.22,scattered clouds
10,Georgetown,MY,5.4112,100.3354,89.89,71,20,1.99,few clouds
11,Atuona,PF,-9.8,-139.0333,78.24,76,9,17.36,clear sky
12,Dubbo,AU,-32.25,148.6167,82.53,30,40,16.11,scattered clouds
13,New Norfolk,AU,-42.7826,147.0587,68.67,34,16,5.01,few clouds
14,Hambantota,LK,6.1241,81.1185,80.4,76,100,19.6,overcast clouds
15,Nome,US,64.5011,-165.4064,21.27,79,90,13.8,light snow
16,Ushuaia,AR,-54.8,-68.3,40.66,81,40,9.22,scattered clouds
17,Bambous Virieux,MU,-20.3428,57.7575,81.21,73,75,12.66,broken clouds
18,Merauke,ID,-8.4667,140.3333,86.76,65,82,8.32,moderate rain
19,Mataura,NZ,-46.1927,168.8643,67.06,57,100,3.11,overcast clouds
20,Husavik,IS,66.0449,-17.3389,31.91,96,100,11.32,snow
21,Cape Town,ZA,-33.9258,18.4232,63.01,69,20,4.0,few clouds
22,Berbera,SO,10.4396,45.0143,81.68,59,9,1.77,clear sky
23,Leningradskiy,RU,69.3833,178.4167,11.41,82,76,10.29,broken clouds
24,Dikson,RU,73.5069,80.5464,5.34,97,97,3.09,overcast clouds
25,Andros,GR,37.8333,24.9333,61.36,81,100,5.28,overcast clouds
26,Les Escoumins,CA,48.1111,-69.0236,43.36,84,98,8.77,overcast clouds
27,Busselton,AU,-33.65,115.3333,70.09,46,13,7.85,few clouds
28,Grindavik,IS,63.8424,-22.4338,41.47,93,90,37.98,light rain
29,Punta Arenas,CL,-53.15,-70.9167,41.11,81,20,9.22,few clouds
30,Kedrovyy,RU,56.1667,91.8167,41.41,61,62,14.25,broken clouds
31,Muros,ES,42.7762,-9.0603,54.23,85,94,9.4,overcast clouds
32,Barrow,US,71.2906,-156.7887,24.82,63,90,17.27,overcast clouds
33,Port Alfred,ZA,-33.5906,26.891,63.72,89,100,5.21,moderate rain
34,Arraial Do Cabo,BR,-22.9661,-42.0278,69.17,77,52,6.15,broken clouds
35,Pirgos,GR,35.1167,25.7178,63.63,76,90,1.5,overcast clouds
36,Lorengau,PG,-2.0226,147.2712,85.06,68,32,12.24,scattered clouds
37,Tiarei,PF,-17.5333,-149.3333,78.82,76,17,5.41,few clouds
38,Dawei,MM,14.0833,98.2,91.94,54,96,0.92,overcast clouds
39,Norman Wells,CA,65.282,-126.8329,12.24,85,90,8.05,light snow
40,Kapaa,US,22.0752,-159.319,78.78,76,20,1.01,few clouds
41,Khatanga,RU,71.9667,102.5,1.29,98,99,8.46,overcast clouds
42,Torbay,CA,47.6666,-52.7314,47.26,88,90,13.8,overcast clouds
43,Charters Towers,AU,-20.1,146.2667,90.5,40,37,14.88,scattered clouds
44,Xinyu,CN,27.8043,114.9334,54.09,47,4,5.12,clear sky
45,Lompoc,US,34.6391,-120.4579,59.63,67,1,6.91,clear sky
46,Karoi,ZW,-16.8099,29.6925,77.94,23,31,9.82,scattered clouds
47,Tabou,CI,4.423,-7.3528,77.52,89,97,3.78,light rain
48,Pisco,PE,-13.7,-76.2167,64.45,82,20,6.91,few clouds
49,Gannavaram,IN,16.5333,80.8,80.58,78,40,5.75,scattered clouds
50,Monte Aprazivel,BR,-20.7725,-49.7142,75.85,66,44,10.85,scattered clouds
51,Dutse,NG,11.7594,9.3392,73.33,26,35,5.99,scattered clouds
52,Bredasdorp,ZA,-34.5322,20.0403,58.32,72,72,3.44,broken clouds
53,Puerto Ayora,EC,-0.7393,-90.3518,69.21,82,33,7.49,scattered clouds
54,Sioux Lookout,CA,50.1001,-91.917,41.43,83,95,4.9,overcast clouds
55,Nuevo Laredo,MX,27.4763,-99.5164,64.38,82,1,6.91,clear sky
56,San Carlos De Bariloche,AR,-41.1456,-71.3082,46.62,91,87,5.53,overcast clouds
57,Oyama,JP,36.3,139.8,70.66,45,64,8.32,broken clouds
58,Cozumel,MX,20.5083,-86.9458,75.94,63,1,8.05,clear sky
59,Tiksi,RU,71.6872,128.8694,14.11,78,100,25.1,overcast clouds
60,Portland,US,45.5234,-122.6762,47.61,91,90,3.0,overcast clouds
61,Thompson,CA,55.7435,-97.8558,33.96,86,90,3.44,overcast clouds
62,Castro,BR,-24.7911,-50.0119,58.62,97,93,6.13,overcast clouds
63,Taguatinga,BR,-12.3857,-46.5711,72.05,91,100,0.58,overcast clouds
64,Vardo,NO,70.3705,31.1107,23.2,63,99,14.65,light snow
65,Albany,US,42.6001,-73.9662,40.8,78,12,3.49,few clouds
66,Camacha,PT,33.0833,-16.3333,63.36,63,40,6.91,scattered clouds
67,Skjervoy,NO,70.0311,20.9714,32.0,85,100,16.2,snow
68,Ribeira Grande,PT,38.5167,-28.7,69.66,85,60,22.28,broken clouds
69,Hamilton,US,39.1834,-84.5333,49.98,75,1,0.0,clear sky
70,Hithadhoo,MV,-0.6,73.0833,83.05,68,97,14.85,overcast clouds
71,Hilo,US,19.7297,-155.09,74.93,86,75,4.61,broken clouds
72,Luderitz,NA,-26.6481,15.1594,57.15,78,0,10.13,clear sky
73,Kismayo,SO,-0.3582,42.5454,80.89,68,100,9.33,overcast clouds
74,Yulara,AU,-25.2406,130.9889,75.04,64,90,10.36,overcast clouds
75,Cidreira,BR,-30.1811,-50.2056,61.2,74,6,2.33,clear sky
76,Constitucion,CL,-35.3333,-72.4167,54.91,78,3,10.74,clear sky
77,Longyearbyen,SJ,78.2186,15.6401,13.84,79,75,3.44,broken clouds
78,Bengkulu,ID,-3.8004,102.2655,84.61,66,100,8.05,overcast clouds
79,Awbari,LY,26.5921,12.7805,67.32,27,97,12.55,overcast clouds
80,Tura,IN,25.5198,90.2201,78.22,49,66,0.31,broken clouds
81,Hofn,IS,64.2539,-15.2082,38.35,98,100,12.12,heavy intensity rain
82,Baiyin,CN,36.5583,104.2081,38.28,41,37,1.3,scattered clouds
83,Faanui,PF,-16.4833,-151.75,79.3,75,22,11.18,few clouds
84,Esperance,AU,-33.8667,121.9,64.42,58,100,16.93,overcast clouds
85,Saint-Philippe,RE,-21.3585,55.7679,82.22,75,41,10.83,scattered clouds
86,Matsuura,JP,33.3271,129.721,70.47,90,100,17.58,light rain
87,East London,ZA,-33.0153,27.9116,64.42,96,100,7.94,moderate rain
88,Camapua,BR,-19.5314,-54.0439,73.36,86,55,4.97,broken clouds
89,Lavrentiya,RU,65.5833,-171.0,10.74,88,7,7.67,clear sky
90,Lebu,CL,-37.6167,-73.65,52.05,95,63,8.95,broken clouds
91,Saskylakh,RU,71.9167,114.0833,16.32,92,100,9.51,overcast clouds
92,Kruisfontein,ZA,-34.0033,24.7314,57.88,87,100,5.68,overcast clouds
93,Bethel,US,41.3712,-73.414,49.01,74,1,0.0,clear sky
94,Altamont,US,42.2068,-121.7372,32.77,82,1,3.44,clear sky
95,Mikhaylovka,RU,50.06,43.2379,41.68,82,100,8.28,overcast clouds
96,Hermanus,ZA,-34.4187,19.2345,62.91,71,41,1.61,scattered clouds
97,Ponta Do Sol,PT,32.6667,-17.1,66.83,66,13,5.75,few clouds
98,Carnarvon,AU,-24.8667,113.6333,75.27,46,40,19.57,scattered clouds
99,Strai,NO,58.2,7.9,41.63,87,75,11.5,broken clouds
100,Qaanaaq,GL,77.484,-69.3632,2.14,69,65,7.65,broken clouds
101,Dingle,PH,10.9995,122.6711,86.34,74,42,12.19,scattered clouds
102,Yueyang,CN,29.3333,113.0919,53.62,38,92,8.72,overcast clouds
103,Lagoa,PT,39.05,-27.9833,68.2,84,29,18.25,scattered clouds
104,Provideniya,RU,64.3833,-173.3,17.71,79,90,6.71,overcast clouds
105,Kargasok,RU,59.0556,80.8572,30.78,67,95,15.35,overcast clouds
106,Kandi,BJ,11.1342,2.9386,72.3,44,66,2.73,broken clouds
107,Caravelas,BR,-17.7125,-39.2481,71.94,85,73,3.38,broken clouds
108,Ilulissat,GL,69.2167,-51.1,12.22,44,4,14.97,clear sky
109,Kavaratti,IN,10.5669,72.642,81.84,75,93,6.96,overcast clouds
110,Iqaluit,CA,63.7506,-68.5145,8.33,78,1,15.01,clear sky
111,Saint George,US,37.1041,-113.5841,65.35,29,1,3.0,clear sky
112,Hobart,AU,-42.8794,147.3294,69.03,45,40,1.01,scattered clouds
113,Gravdal,NO,68.1214,13.5031,31.89,93,20,2.3,light snow
114,Vostok,RU,46.4856,135.8833,42.26,42,99,3.2,overcast clouds
115,Sao Filipe,CV,14.8961,-24.4956,77.49,74,97,5.59,overcast clouds
116,Grao Mogol,BR,-16.5594,-42.8897,65.75,99,95,3.13,overcast clouds
117,Souillac,MU,-20.5167,57.5167,81.36,73,75,12.66,broken clouds
118,Jacareacanga,BR,-6.2222,-57.7528,72.1,90,85,0.56,overcast clouds
119,Chapais,CA,49.7834,-74.8492,40.78,98,100,5.73,overcast clouds
120,Pangnirtung,CA,66.1451,-65.7125,7.54,77,23,6.04,few clouds
121,Otacilio Costa,BR,-27.4831,-50.1219,56.57,98,100,2.55,overcast clouds
122,Tuatapere,NZ,-46.1333,167.6833,63.82,60,100,4.52,overcast clouds
123,Margate,GB,51.3813,1.3862,43.7,92,91,12.44,overcast clouds
124,Comodoro Rivadavia,AR,-45.8667,-67.5,53.46,66,0,11.5,clear sky
125,Labuhan,ID,-6.8844,112.2051,88.43,57,100,5.44,overcast clouds
126,Port Lincoln,AU,-34.7333,135.8667,61.86,54,93,8.72,overcast clouds
127,Sanchazi,CN,42.0817,126.6003,42.4,92,100,13.47,overcast clouds
128,Bintulu,MY,3.1667,113.0333,86.41,79,40,6.91,scattered clouds
129,Mahebourg,MU,-20.4081,57.7,81.25,73,75,12.66,broken clouds
130,Saint-Pierre,RE,-21.3393,55.4781,82.29,68,0,19.57,clear sky
131,Geraldton,AU,-28.7667,114.6,72.01,56,40,18.41,scattered clouds
132,Aswan,EG,24.0934,32.907,76.06,32,0,7.96,clear sky
133,Callaway,US,30.153,-85.5699,55.33,74,1,1.01,clear sky
134,Ambon,ID,-3.6954,128.1814,89.74,62,40,8.05,scattered clouds
135,Mount Gambier,AU,-37.8333,140.7667,62.67,45,65,8.01,broken clouds
136,Ancud,CL,-41.8697,-73.8203,53.42,94,94,2.73,overcast clouds
137,Pandan,PH,14.0453,124.1694,82.51,87,99,12.73,overcast clouds
138,San Quintin,MX,30.4833,-115.95,60.89,88,11,4.05,few clouds
139,Acari,PE,-15.4311,-74.6158,67.12,74,66,2.57,broken clouds
140,Batagay,RU,67.6333,134.6333,-14.39,86,48,5.99,scattered clouds
141,Butaritari,KI,3.0707,172.7902,81.82,72,21,9.28,few clouds
142,Jackson,US,42.4165,-122.8345,42.04,85,1,0.0,clear sky
143,Berlevag,NO,70.8578,29.0864,30.2,85,100,10.27,light snow
144,Port Elizabeth,ZA,-33.918,25.5701,61.09,94,40,6.91,scattered clouds
145,Dudinka,RU,69.4058,86.1778,9.95,95,100,6.24,overcast clouds
146,Clyde River,CA,70.4692,-68.5914,10.72,91,50,11.43,scattered clouds
147,Baykit,RU,61.67,96.37,31.23,89,100,10.42,overcast clouds
148,Sept-Iles,CA,50.2001,-66.3821,43.23,84,90,4.61,overcast clouds
149,Nanortalik,GL,60.1432,-45.2371,30.16,63,100,2.3,overcast clouds
150,Ahipara,NZ,-35.1667,173.1667,63.82,84,50,4.41,scattered clouds
151,Arman,RU,59.7,150.1667,23.02,81,100,8.41,overcast clouds
152,Beri,IN,25.9031,79.8902,79.65,31,54,4.68,broken clouds
153,Kloulklubed,PW,7.0419,134.2556,86.5,76,98,16.53,overcast clouds
154,Puerto Carreno,CO,6.189,-67.4859,77.67,81,100,4.34,overcast clouds
155,Kenai,US,60.5544,-151.2583,31.03,95,90,3.44,light snow
156,Yellowknife,CA,62.456,-114.3525,24.42,100,90,6.91,light snow
157,Okhotsk,RU,59.3833,143.3,8.55,71,26,21.68,scattered clouds
158,Mar Del Plata,AR,-38.0023,-57.5575,57.87,89,75,8.01,thunderstorm
159,Tucuman,AR,-26.8241,-65.2226,61.47,88,3,2.1,clear sky
160,San Patricio,US,28.017,-97.5169,70.83,74,0,6.62,clear sky
161,Bogotol,RU,56.2078,89.5342,31.57,65,99,18.41,overcast clouds
162,Leeton,AU,-34.5667,146.4,79.9,20,3,12.3,clear sky
163,Losal,IN,27.4,74.9167,82.17,20,4,3.22,clear sky
164,Jibuti,DJ,11.5,42.5,80.02,62,10,18.05,clear sky
165,Srednekolymsk,RU,67.45,153.6833,1.87,98,100,4.34,overcast clouds
166,Nijar,ES,36.9665,-2.206,49.66,37,0,8.05,clear sky
167,Adamovka,RU,51.5223,59.9396,35.06,65,100,6.82,overcast clouds
168,Dunedin,NZ,-45.8742,170.5036,60.64,75,66,7.16,broken clouds
169,Doha,QA,25.2867,51.5333,84.18,56,0,6.91,clear sky
170,Westport,US,41.1415,-73.3579,51.75,67,1,1.01,clear sky
171,Peterhead,GB,57.5058,-1.7981,45.12,76,95,6.44,overcast clouds
172,Sagua La Grande,CU,22.8067,-80.0756,61.79,75,39,6.06,scattered clouds
173,Pevek,RU,69.7008,170.3133,15.44,76,83,19.93,broken clouds
174,Avera,US,33.194,-82.5271,51.67,55,0,6.96,clear sky
175,Ixtapa,MX,20.7,-105.2,73.0,92,29,3.02,scattered clouds
176,Hornepayne,CA,49.2138,-84.7705,45.34,82,100,6.53,overcast clouds
177,Saint-Leu,RE,-21.15,55.2833,81.68,91,5,1.57,clear sky
178,Myre,NO,69.1036,15.9492,35.55,59,98,16.91,light rain
179,Vila Franca Do Campo,PT,37.7167,-25.4333,70.2,78,31,10.45,scattered clouds
180,Auce,LV,56.4598,22.9017,41.45,82,94,12.39,overcast clouds
181,Harboore,DK,56.6175,8.1807,43.36,83,100,8.75,overcast clouds
182,Mount Isa,AU,-20.7333,139.5,89.37,48,72,12.66,broken clouds
183,Dauriya,RU,49.9333,116.8667,26.65,38,0,5.46,clear sky
184,Jamestown,US,42.097,-79.2353,47.71,85,1,0.0,clear sky
185,Bull Savanna,JM,17.8868,-77.5902,74.57,85,48,3.8,scattered clouds
186,Talnakh,RU,69.4865,88.3972,15.87,95,100,7.78,overcast clouds
187,Kahone,SN,14.15,-16.0333,74.34,50,74,6.89,broken clouds
188,Port Hedland,AU,-20.3167,118.5667,82.45,47,53,21.85,broken clouds
189,Kitui,KE,-1.367,38.0106,65.82,71,89,7.14,overcast clouds
190,Cabo San Lucas,MX,22.8909,-109.9124,72.7,66,33,9.04,scattered clouds
191,San Isidro,PE,-12.1167,-77.05,65.01,84,90,1.01,overcast clouds
192,Sao Joao Da Barra,BR,-21.6403,-41.0511,70.25,77,99,4.81,overcast clouds
193,Kharhial,IN,20.2833,82.7667,76.26,47,68,4.7,broken clouds
194,Salinopolis,BR,-0.6136,-47.3561,78.21,87,66,6.49,broken clouds
195,Airai,TL,-8.9266,125.4092,71.17,76,93,0.38,overcast clouds
196,Ikwiriri,TZ,-7.9562,38.9716,79.83,66,58,0.83,broken clouds
197,Windsor,CA,42.3001,-83.0165,51.84,84,1,4.61,clear sky
198,Cherskiy,RU,68.75,161.3,-1.39,99,92,5.32,overcast clouds
199,Klaksvik,FO,62.2266,-6.589,45.52,85,100,29.48,overcast clouds
200,Carutapera,BR,-1.195,-46.02,76.08,90,51,3.94,broken clouds
201,Porto Novo,BJ,6.4965,2.6036,76.82,88,100,4.07,overcast clouds
202,Sibenik,HR,43.7272,15.9058,63.16,95,96,4.5,overcast clouds
203,Balabac,PH,7.9868,117.0645,84.45,76,98,10.13,overcast clouds
204,Palmer,US,42.1584,-72.3287,43.92,72,100,4.27,overcast clouds
205,Honningsvag,NO,70.9821,25.9704,31.75,74,75,25.32,light snow
206,Kuryk,KZ,43.2,51.65,48.58,64,61,8.77,broken clouds
207,Murray Bridge,AU,-35.1167,139.2667,73.83,39,42,15.3,scattered clouds
208,La Ronge,CA,55.1001,-105.2842,28.65,86,1,2.3,clear sky
209,Sokolac,BA,43.9397,18.8017,38.37,84,78,1.5,broken clouds
210,Kurilsk,RU,45.2333,147.8833,44.62,61,99,5.32,overcast clouds
211,Belaya Gora,RU,68.5333,146.4167,-10.97,98,100,1.16,overcast clouds
212,Pasaco,GT,13.9772,-90.2064,72.07,68,80,8.21,broken clouds
213,Juazeiro,BR,-9.4117,-40.4986,75.38,100,40,0.0,light rain
214,Victoria,HK,22.2855,114.1577,72.03,58,28,3.0,scattered clouds
215,Chumikan,RU,54.7183,135.315,25.95,52,0,19.53,clear sky
216,Almeria,ES,37.1667,-2.3333,43.77,39,0,6.96,clear sky
217,Upernavik,GL,72.7868,-56.1549,9.54,72,3,5.79,clear sky
218,Touros,BR,-5.1989,-35.4608,77.9,78,73,10.4,broken clouds
219,Stilfontein,ZA,-26.8449,26.7683,68.74,64,100,15.28,overcast clouds
220,Sobolevo,RU,54.4299,31.8996,42.08,87,100,15.48,overcast clouds
221,Hami,CN,42.8,93.45,33.4,29,1,6.24,clear sky
222,Aksu,CN,41.1231,80.2644,34.99,24,0,1.41,clear sky
223,Tiznit,MA,29.5833,-9.5,52.63,43,0,6.26,clear sky
224,Katherine,AU,-14.4667,132.2667,93.52,52,40,14.97,scattered clouds
225,Hobyo,SO,5.3505,48.5268,81.3,61,49,12.1,scattered clouds
226,Yeppoon,AU,-23.1333,150.7333,85.78,64,87,9.86,overcast clouds
227,Asau,RO,46.4333,26.4,52.75,79,100,4.72,overcast clouds
228,Vila Velha,BR,-20.3297,-40.2925,70.95,91,90,2.3,overcast clouds
229,Sueca,ES,39.2026,-0.3111,59.49,62,4,3.0,clear sky
230,Dungarvan,IE,52.0881,-7.6253,55.62,100,100,5.99,moderate rain
231,Tasiilaq,GL,65.6145,-37.6368,26.76,73,100,5.17,overcast clouds
232,Waterloo,CA,43.4668,-80.5164,48.6,93,45,3.0,scattered clouds
233,Kavieng,PG,-2.5744,150.7967,85.05,70,10,15.57,light rain
234,Alta Gracia,AR,-31.6529,-64.4283,56.17,79,30,3.49,scattered clouds
235,Huarmey,PE,-10.0681,-78.1522,63.82,86,99,6.85,overcast clouds
236,Bayji,IQ,34.9311,43.487,63.7,24,1,7.16,clear sky
237,Fortuna,US,40.5982,-124.1573,44.94,68,1,4.61,clear sky
238,Luba,GQ,3.4568,8.5547,71.49,81,92,2.75,overcast clouds
239,Swan River,CA,52.1058,-101.2676,35.49,60,0,13.8,clear sky
240,Changtu,CN,42.7788,124.0955,28.2,93,100,16.4,overcast clouds
241,Oktyabrskoye,RU,43.0645,44.7417,46.54,93,90,2.24,overcast clouds
242,Dalby,AU,-27.1833,151.2667,79.77,57,97,16.28,overcast clouds
243,Taltal,CL,-25.4,-70.4833,61.34,74,0,2.62,clear sky
244,The Valley,AI,18.217,-63.0578,78.1,73,57,15.32,broken clouds
245,Acajutla,SV,13.5928,-89.8275,78.13,60,88,8.01,overcast clouds
246,Bone,DE,51.9669,12.1396,46.62,84,98,14.25,overcast clouds
247,Kirkuk,IQ,35.4681,44.3922,59.92,25,0,8.41,clear sky
248,Meulaboh,ID,4.1363,96.1285,75.49,95,100,6.4,overcast clouds
249,Pauini,BR,-7.7136,-66.9764,73.29,94,93,0.29,overcast clouds
250,Monrovia,LR,6.3005,-10.7969,77.61,85,66,1.97,light rain
251,Karmala,IN,18.4167,75.2,80.51,28,64,8.66,broken clouds
252,College,US,64.8569,-147.8028,24.75,88,90,3.44,light snow
253,Duncan,US,34.5023,-97.9578,57.38,67,1,12.66,clear sky
254,Odesskoye,RU,54.2111,72.9651,37.81,36,83,20.02,broken clouds
255,Turbat,PK,26.0023,63.044,83.16,14,0,7.76,clear sky
256,Sitka,US,57.0531,-135.33,44.49,53,1,12.66,clear sky
257,Conde,BR,-7.2597,-34.9075,76.46,88,20,4.61,few clouds
258,Isangel,VU,-19.55,169.2667,78.91,69,63,3.44,broken clouds
259,San Francisco,US,37.7749,-122.4194,54.25,75,40,1.01,scattered clouds
260,Pokhara,NP,28.2333,83.9833,69.57,65,29,5.06,scattered clouds
261,Severo-Kurilsk,RU,50.6789,156.125,36.52,68,99,24.43,light rain
262,Twentynine Palms,US,34.1356,-116.0542,68.07,21,0,4.18,clear sky
263,Benghazi,LY,32.1167,20.0667,68.79,62,85,12.59,overcast clouds
264,Dakar,SN,14.6937,-17.4441,76.08,66,70,15.61,broken clouds
265,Houma,US,29.5958,-90.7195,51.8,95,0,3.96,clear sky
266,Ucluelet,CA,48.9329,-125.5528,40.08,90,83,11.01,broken clouds
267,Dongsheng,CN,39.8161,109.9776,24.51,49,0,16.8,clear sky
268,Chabahar,IR,25.2919,60.643,77.86,45,0,2.19,clear sky
269,Paamiut,GL,61.994,-49.6678,20.89,66,19,9.1,few clouds
270,Beringovskiy,RU,63.05,179.3167,14.36,95,52,5.79,broken clouds
271,Benjamin Aceval,PY,-24.9667,-57.5667,75.6,69,24,2.68,few clouds
272,Saldanha,ZA,-33.0117,17.9442,59.05,73,81,19.93,broken clouds
273,Crotone,IT,39.0851,17.1178,60.93,82,97,8.66,overcast clouds
274,Grand Gaube,MU,-20.0064,57.6608,81.37,68,26,11.99,scattered clouds
275,Sambava,MG,-14.2667,50.1667,79.92,69,55,10.69,broken clouds
276,Aklavik,CA,68.2191,-135.0107,18.32,96,94,5.99,overcast clouds
277,Mutsu,JP,41.2894,141.2169,61.12,75,95,12.91,overcast clouds
278,Lazaro Cardenas,MX,17.9583,-102.2,77.05,88,62,3.38,broken clouds
279,Andenes,NO,69.3143,16.1194,35.58,69,75,18.41,broken clouds
280,Mokhsogollokh,RU,61.4681,128.9203,20.12,83,99,5.88,overcast clouds
281,Port Macquarie,AU,-31.4333,152.9167,75.16,64,60,10.83,broken clouds
282,Vestmanna,FO,62.1564,-7.1664,43.72,100,75,24.16,broken clouds
283,Oistins,BB,13.0667,-59.5333,80.69,74,40,13.8,scattered clouds
284,Chuy,UY,-33.6971,-53.4616,52.36,86,12,1.01,few clouds
285,Beloha,MG,-25.1667,45.05,85.91,36,38,5.84,scattered clouds
286,Zuwarah,LY,32.9312,12.082,69.57,72,81,4.05,broken clouds
287,Pulgaon,IN,20.7333,78.3333,78.01,38,25,8.16,scattered clouds
288,Morant Bay,JM,17.8815,-76.4093,80.22,84,80,2.75,broken clouds
289,Hasaki,JP,35.7333,140.8333,70.2,51,44,12.88,scattered clouds
290,Samarai,PG,-10.6167,150.6667,85.48,71,4,14.41,clear sky
291,Yenagoa,NG,4.9247,6.2642,75.29,94,79,2.21,broken clouds
292,Tromso,NO,69.6496,18.957,32.02,86,90,4.0,light snow
293,Odweyne,SO,9.4092,45.064,69.66,39,20,8.46,few clouds
294,Bontang,ID,0.1333,117.5,79.11,87,97,5.17,moderate rain
295,Kaeo,NZ,-35.1,173.7833,71.33,71,42,3.71,scattered clouds
296,Namie,JP,37.4833,141.0,68.97,75,46,1.01,scattered clouds
297,Qui Nhon,VN,13.7667,109.2333,81.1,84,52,16.55,broken clouds
298,Wanning,CN,18.8003,110.3967,71.91,87,75,14.97,broken clouds
299,Makushino,RU,55.2103,67.2442,35.08,71,26,17.69,scattered clouds
300,Bubaque,GW,11.2833,-15.8333,82.96,75,47,10.89,scattered clouds
301,Harper,LR,4.375,-7.7169,77.63,89,91,4.05,moderate rain
302,Jalapa,MX,19.5333,-96.9167,57.04,99,100,1.36,overcast clouds
303,Gat,IL,31.61,34.7642,76.41,30,1,1.79,clear sky
304,Jijiga,ET,9.35,42.8,67.03,30,4,2.93,clear sky
305,Marawi,PH,7.9986,124.2928,77.65,71,38,7.81,scattered clouds
306,Yabrud,SY,33.9674,36.6574,37.06,35,54,4.23,broken clouds
307,Warmbad,NA,-28.45,18.7333,52.81,62,48,21.25,scattered clouds
308,Marrakesh,MA,31.6315,-8.0083,46.47,53,0,4.61,clear sky
309,Nikolskoye,RU,59.7035,30.7861,37.87,97,100,11.65,moderate rain
310,Chokurdakh,RU,70.6333,147.9167,-16.02,95,86,6.08,overcast clouds
311,Sarakhs,IR,36.5449,61.1577,47.1,30,12,2.82,few clouds
312,Atar,MR,20.5169,-13.0499,70.66,30,77,6.85,broken clouds
313,San Andres,CO,12.5847,-81.7006,82.42,78,75,10.36,broken clouds
314,Mana,GF,5.6592,-53.7767,77.95,88,98,9.98,overcast clouds
315,Cap Malheureux,MU,-19.9842,57.6142,81.46,68,20,11.99,few clouds
316,Quatre Cocos,MU,-20.2078,57.7625,81.09,79,86,11.12,overcast clouds
317,Nicoya,CR,10.1483,-85.452,76.55,88,96,5.79,overcast clouds
318,Mayskiy,RU,47.6931,40.1025,36.81,66,82,4.94,broken clouds
319,Dwarka,IN,22.2394,68.9678,84.42,39,57,15.28,broken clouds
320,Bairiki,KI,1.3292,172.9752,84.2,74,20,6.91,few clouds
321,Genhe,CN,50.7833,121.5167,25.68,39,0,4.27,clear sky
322,Coquimbo,CL,-29.9533,-71.3436,55.13,87,0,3.44,clear sky
323,Salas,ES,43.4118,-6.2602,53.96,88,100,1.36,overcast clouds
324,Hakodate,JP,41.7758,140.7367,61.11,67,75,21.85,broken clouds
325,Salalah,OM,17.0151,54.0924,82.49,65,0,0.0,clear sky
326,Fairbanks,US,64.8378,-147.7164,24.76,89,90,0.0,light snow
327,Medicine Hat,CA,50.0501,-110.6683,33.37,58,1,5.99,clear sky
328,Iwanai,JP,42.9744,140.5089,58.12,71,75,5.48,broken clouds
329,Bathsheba,BB,13.2167,-59.5167,81.21,74,40,13.8,scattered clouds
330,Alta Floresta,BR,-9.8756,-56.0861,70.27,98,98,2.48,overcast clouds
331,Creel,MX,27.75,-107.6333,50.16,59,6,1.95,clear sky
332,Kaele,CM,10.1092,14.4508,78.78,50,95,3.53,overcast clouds
333,Sabang,ID,5.8933,95.3214,80.62,80,91,14.25,overcast clouds
334,Mayumba,GA,-3.432,10.6554,75.94,91,100,6.31,moderate rain
335,Chateaubelair,VC,13.2833,-61.25,79.41,77,68,10.6,broken clouds
336,Half Moon Bay,US,37.4636,-122.4286,53.98,80,1,4.61,clear sky
337,Vao,NC,-22.6667,167.4833,72.86,62,11,7.23,few clouds
338,Hay River,CA,60.8156,-115.7999,26.58,86,90,10.36,light snow
339,Te Anau,NZ,-45.4167,167.7167,66.29,52,89,4.27,overcast clouds
340,Gbarnga,LR,6.9956,-9.4722,70.54,99,53,1.57,broken clouds
341,Nabire,ID,-3.3667,135.4833,85.73,68,78,5.88,broken clouds
342,Arona,ES,28.0996,-16.681,61.32,59,20,24.16,few clouds
343,Noyabrsk,RU,63.1994,75.4507,33.15,84,100,17.43,overcast clouds
344,Deep River,CA,46.1001,-77.4995,42.94,95,81,1.5,broken clouds
345,Fare,PF,-16.7,-151.0167,79.3,74,7,9.17,light rain
346,Nhulunbuy,AU,-12.2333,136.7667,92.01,55,40,13.8,scattered clouds
347,Teguldet,RU,57.3064,88.1667,30.97,70,100,15.1,overcast clouds
348,Tuktoyaktuk,CA,69.4541,-133.0374,21.2,79,90,8.05,overcast clouds
349,Altamira,BR,-3.2033,-52.2064,74.23,86,84,0.43,broken clouds
350,Amga,RU,60.8953,131.9608,16.36,90,100,6.38,overcast clouds
351,South Lake Tahoe,US,38.9332,-119.9844,36.52,76,1,3.44,clear sky
352,Mae Chan,TH,20.1467,99.8526,87.46,66,21,1.79,few clouds
353,Vidim,RU,56.4088,103.1106,33.78,84,100,13.09,light rain
354,Kidal,ML,18.4411,1.4078,77.97,19,1,4.34,clear sky
355,Kodiak,US,57.79,-152.4072,32.22,85,98,12.77,overcast clouds
356,Anchorage,US,61.2181,-149.9003,30.13,92,90,1.99,overcast clouds
357,Haines Junction,CA,60.7522,-137.5108,17.55,68,9,2.48,clear sky
358,Laiwu,CN,36.1928,117.6569,33.49,79,5,8.95,clear sky
359,Kamenka,RU,51.3223,42.7678,39.83,89,100,10.2,overcast clouds
360,Bongued,PH,7.1167,124.4,91.65,57,11,3.94,few clouds
361,Gwadar,PK,25.1216,62.3254,79.18,38,0,3.74,clear sky
362,Ishigaki,JP,24.3448,124.1572,69.93,88,75,18.41,broken clouds
363,Noumea,NC,-22.2763,166.4572,82.38,99,49,10.38,scattered clouds
364,Wittmund,DE,53.5667,7.7833,48.02,93,94,11.77,overcast clouds
365,Inirida,CO,3.8653,-67.9239,73.06,99,98,2.24,overcast clouds
366,Tabuk,PH,17.4189,121.4443,88.2,63,47,7.0,scattered clouds
367,Kahului,US,20.8947,-156.47,77.02,81,20,10.36,few clouds
368,Sinnamary,GF,5.3833,-52.95,78.37,87,100,10.27,overcast clouds
369,Alappuzha,IN,9.49,76.3264,80.11,79,100,2.95,overcast clouds
370,Lungi,SL,9.2212,-12.6831,72.68,95,56,1.25,broken clouds
371,Pringsewu,ID,-5.3582,104.9744,86.18,65,92,6.38,overcast clouds
372,Gorele,TR,41.0308,39.0031,54.84,60,99,4.61,overcast clouds
373,Kaitangata,NZ,-46.2817,169.8464,62.92,78,94,5.39,overcast clouds
374,Marzuq,YE,14.4,46.4667,71.69,26,1,2.04,clear sky
375,Havoysund,NO,70.9963,24.6622,32.23,73,100,22.57,light snow
376,Tondano,ID,1.3038,124.9112,79.97,67,100,3.58,overcast clouds
377,Betioky,MG,-23.7167,44.3833,85.46,37,47,6.6,scattered clouds
378,Hakkari,TR,37.5833,44.1667,31.78,86,0,0.0,clear sky
379,Yumen,CN,40.2833,97.2,29.75,25,15,12.93,few clouds
380,Fallon,US,39.4735,-118.7774,41.27,69,1,6.91,clear sky
381,Chimbote,PE,-9.0853,-78.5783,63.14,85,100,7.29,overcast clouds
382,Rivadavia,AR,-33.1905,-68.4608,64.87,46,0,7.96,clear sky
383,Fukue,JP,32.6881,128.8419,57.56,100,75,17.27,light intensity shower rain
384,Qandala,SO,11.472,49.8728,80.65,50,31,6.73,scattered clouds
385,Melfort,CA,52.8667,-104.6177,29.16,74,27,10.36,scattered clouds
386,Guipavas,FR,48.4352,-4.3972,50.05,100,90,2.3,mist
387,Smithers,CA,54.7804,-127.1743,28.72,93,90,5.75,overcast clouds
388,Adrar,MR,20.5022,-10.0711,67.57,26,89,7.87,overcast clouds
389,Cartagena,CO,10.3997,-75.5144,82.02,89,0,4.61,clear sky
390,Evanston,US,42.0411,-87.6901,55.94,66,40,1.99,scattered clouds
391,Arroyo,ES,41.6096,-4.7969,45.14,91,90,1.14,overcast clouds
392,San Jeronimo,PE,-11.9472,-75.2829,50.41,82,100,3.44,overcast clouds
393,Pokosnoye,RU,55.5258,101.0536,38.79,61,100,14.47,overcast clouds
394,Doka,SD,13.5167,35.7667,79.95,46,6,2.01,clear sky
395,Olafsvik,IS,64.8945,-23.7142,37.96,95,100,25.39,moderate rain
396,Hervey Bay,AU,-25.2986,152.8535,78.91,84,93,20.0,moderate rain
397,Athabasca,CA,54.7169,-113.2854,28.22,59,61,4.5,broken clouds
398,Bahia Blanca,AR,-38.7196,-62.2724,59.16,53,10,8.79,clear sky
399,Lata,PT,40.1629,-8.3327,53.82,67,99,4.23,overcast clouds
400,Tevriz,RU,57.509,72.4042,33.57,91,100,13.96,light rain
401,Ashland,US,40.8167,-82.2665,48.07,82,7,4.59,clear sky
402,Kabinda,CD,-6.1333,24.4833,68.13,89,56,1.86,broken clouds
403,Dodge City,US,37.7528,-100.0171,62.64,71,1,10.36,clear sky
404,Mamallapuram,IN,12.6264,80.1722,78.85,78,100,17.54,heavy intensity rain
405,Faya,SA,18.3851,42.4509,61.32,39,0,2.82,clear sky
406,Novyy Urengoy,RU,66.0833,76.6333,22.5,94,100,10.78,overcast clouds
407,Taunggyi,MM,20.7833,97.0333,76.96,60,34,1.7,scattered clouds
408,Northam,GB,51.0333,-4.2167,51.57,92,61,4.56,broken clouds
409,Baherden,TM,38.4362,57.4316,50.0,36,1,4.56,clear sky
410,Nuevitas,CU,21.5453,-77.2644,71.04,73,100,6.76,overcast clouds
411,Rio Gallegos,AR,-51.6226,-69.2181,41.05,60,0,12.66,clear sky
412,Southbridge,US,42.0751,-72.0334,42.91,78,100,4.9,overcast clouds
413,Abu Zabad,SD,12.35,29.25,76.06,28,1,6.76,clear sky
414,Ngunguru,NZ,-35.6167,174.5,71.17,80,21,5.48,few clouds
415,Juneau,US,58.3019,-134.4197,33.1,92,20,0.0,few clouds
416,Coahuayana,MX,18.7333,-103.6833,75.58,89,100,3.65,overcast clouds
417,Chipinge,ZW,-20.1883,32.6236,79.14,28,0,3.11,clear sky
418,Zhigansk,RU,66.7697,123.3711,7.32,94,100,26.24,light snow
419,Causapscal,CA,48.3542,-67.227,41.95,88,83,2.26,broken clouds
420,Bud,US,39.447,-86.1758,48.22,87,40,6.89,scattered clouds
421,Jumla,NP,29.2747,82.1838,61.7,18,0,4.54,clear sky
422,Lingao,CN,19.9103,109.6859,67.44,82,100,11.68,light rain
423,Necochea,AR,-38.5473,-58.7368,53.04,89,47,11.5,scattered clouds
424,Waipawa,NZ,-41.4122,175.5153,65.03,75,23,7.02,few clouds
425,Imbituba,BR,-28.24,-48.6703,67.82,75,92,1.97,overcast clouds
426,Chapleau,CA,47.8405,-83.4034,44.17,81,97,6.89,overcast clouds
427,Cururupu,BR,-1.8283,-44.8683,75.24,90,96,3.65,overcast clouds
428,Kota Bahru,MY,6.1333,102.2386,87.8,79,20,8.05,few clouds
429,Hoima,UG,1.4356,31.3436,65.95,91,42,1.1,scattered clouds
430,Broome,US,42.2506,-75.833,43.68,66,1,0.0,clear sky
431,Pierre,US,44.3683,-100.351,51.06,73,20,1.99,few clouds
432,Makakilo City,US,21.3469,-158.0858,77.32,71,1,4.61,clear sky
433,Novokayakent,RU,42.3937,47.9861,51.85,64,7,2.57,clear sky
434,Sao Joaquim,BR,-28.2939,-49.9317,54.43,99,100,1.36,overcast clouds
435,Moussoro,TD,13.6408,16.4901,77.63,17,91,10.74,overcast clouds
436,Phalombe,MW,-15.8064,35.6507,80.2,37,2,6.42,clear sky
437,Port Hardy,CA,50.6996,-127.4199,41.0,100,75,4.61,light rain
438,Ust-Tsilma,RU,65.441,52.1498,20.91,94,40,3.27,scattered clouds
439,Pizarro,CO,4.9533,-77.366,75.06,92,100,2.19,light rain
440,Itarema,BR,-2.9248,-39.9167,77.63,85,86,6.78,overcast clouds
441,Morgan City,US,29.6994,-91.2068,49.03,100,1,0.0,mist
442,San Cristobal,VE,7.7669,-72.225,69.98,88,99,1.59,overcast clouds
443,Amalapuram,IN,16.5833,82.0167,82.78,56,78,9.04,broken clouds
444,Rocha,UY,-34.4833,-54.3333,49.23,92,0,4.38,clear sky
445,Aleksandrovskoye,RU,44.7142,43.0008,50.14,94,86,4.54,overcast clouds
446,Kukmor,RU,56.1855,50.8944,36.01,84,100,12.84,light rain
447,Ashtian,IR,34.5217,50.0019,34.47,64,6,2.21,clear sky
448,Norwich,GB,52.6278,1.2983,40.24,93,97,5.75,overcast clouds
449,Sampit,ID,-2.5333,112.95,77.54,91,100,1.7,overcast clouds
450,Nampula,MZ,-15.1165,39.2666,78.91,59,5,5.73,clear sky
451,Zhanakorgan,KZ,43.9098,67.2495,43.93,16,36,3.85,scattered clouds
452,Paita,PE,-5.0892,-81.1144,63.88,84,17,10.22,few clouds
453,Gorontalo,ID,0.5412,123.0595,85.01,82,92,2.26,overcast clouds
454,Bima,ID,-8.4667,118.7167,90.32,59,56,4.23,broken clouds
455,Corumba,BR,-19.0092,-57.6533,69.57,76,88,3.67,overcast clouds
456,Daru,PG,-9.0763,143.2092,86.23,69,40,10.42,scattered clouds
457,Cam Ranh,VN,11.9214,109.1591,82.36,83,40,8.05,scattered clouds
458,Yerbogachen,RU,61.2767,108.0108,28.92,89,100,12.62,overcast clouds
459,Biak,ID,-0.9131,122.8766,83.8,74,85,2.46,overcast clouds
460,Cascais,PT,38.6979,-9.4215,54.05,61,41,5.01,scattered clouds
461,Riyadh,SA,24.6877,46.7219,66.34,23,34,4.63,scattered clouds
462,Kozhva,RU,65.1073,57.0459,25.77,94,100,4.81,light snow
463,Bonavista,CA,48.6499,-53.1147,48.11,86,75,11.43,broken clouds
464,Mpulungu,ZM,-8.7623,31.1141,81.7,40,81,2.37,broken clouds
465,Nguruka,TZ,-5.1092,31.0419,73.27,35,91,4.27,overcast clouds
466,Mayya,RU,61.7333,130.2811,16.92,91,100,6.15,overcast clouds
467,Carauari,BR,-4.8828,-66.8958,72.36,99,80,1.92,broken clouds
468,Navolato,MX,24.7672,-107.6944,75.38,78,5,3.02,clear sky
469,Atasu,KZ,48.6814,71.6433,36.46,24,1,4.34,clear sky
470,Erzin,TR,36.9559,36.2,52.32,29,19,4.81,few clouds
471,Bobo Dioulasso,BF,11.1771,-4.2979,75.65,83,0,6.91,clear sky
472,Kommunar,RU,59.6206,30.39,37.51,98,100,13.09,light rain
473,Mount Pleasant,US,32.7941,-79.8626,52.02,68,1,3.0,clear sky
474,Los Llanos De Aridane,ES,28.6585,-17.9182,64.15,66,75,10.0,broken clouds
475,Novyy Urgal,RU,51.0736,132.5642,22.37,52,68,2.77,broken clouds
476,Solnechnyy,RU,50.7214,136.6319,27.36,50,84,3.67,broken clouds
477,South Sioux City,US,42.4739,-96.4136,48.2,89,1,3.44,clear sky
478,Wattegama,LK,6.7989,81.4808,81.52,69,99,3.71,overcast clouds
479,Laguna,US,38.421,-121.4238,52.3,77,1,0.0,clear sky
480,Jiuquan,CN,39.7432,98.5174,34.03,17,5,1.9,clear sky
481,Impfondo,CG,1.6381,18.0667,71.26,96,100,0.63,light rain
482,Poum,NC,-20.2333,164.0167,76.5,77,94,13.89,overcast clouds
483,Bertoua,CM,4.5833,13.6833,66.92,98,100,0.83,overcast clouds
484,Zavyalovo,RU,54.5053,82.4484,33.26,67,100,24.36,overcast clouds
485,Tomatlan,MX,19.9333,-105.25,72.7,93,16,3.15,few clouds
486,Chingirlau,KZ,51.095,54.0814,38.88,71,89,8.23,overcast clouds
487,Nikki,BJ,9.9401,3.2108,73.11,67,68,3.94,broken clouds
488,Maraa,BR,-1.8333,-65.3667,72.77,99,84,2.15,broken clouds
489,Pareora,NZ,-44.4871,171.2132,60.89,82,28,6.98,scattered clouds
490,Saint-Georges,GD,12.0564,-61.7485,82.08,78,20,13.8,few clouds
491,Palu,ID,-0.8917,119.8707,87.15,76,98,3.09,overcast clouds
492,Pontian Kecil,MY,1.4801,103.3899,84.97,77,99,0.47,heavy intensity rain
493,Bilibino,RU,68.0546,166.4372,-6.41,100,60,4.41,broken clouds
494,Tretten,NO,61.3142,10.3007,30.79,98,100,2.33,overcast clouds
495,Arlit,NE,18.7369,7.3853,74.46,15,56,6.82,broken clouds
496,Tecoanapa,MX,16.5167,-98.75,76.37,83,53,4.18,broken clouds
497,Bundaberg,AU,-24.85,152.35,79.09,78,75,21.85,broken clouds
498,Krasnoselkup,RU,65.7,82.4667,32.94,98,100,21.12,light snow
499,Olden,NO,61.8364,6.8064,36.27,83,98,5.35,overcast clouds
500,Ukiah,US,39.1502,-123.2078,48.99,83,1,3.44,clear sky
501,Omboue,GA,-1.5746,9.2618,75.51,93,100,3.65,moderate rain
502,Ndioum,SN,16.5129,-14.6471,78.98,24,38,8.61,scattered clouds
503,Rosignol,GY,6.2833,-57.5333,76.06,88,99,5.17,overcast clouds
504,Bagdarin,RU,54.4333,113.6,20.77,63,100,2.57,overcast clouds
505,Bujumbura,BI,-3.3822,29.3644,79.97,46,91,4.72,overcast clouds
506,Patnagarh,IN,20.7167,83.15,79.68,39,42,5.35,scattered clouds
507,Kysyl-Syr,RU,63.8986,122.7617,24.13,95,100,7.96,light snow
508,Malmesbury,ZA,-33.4608,18.7271,62.78,62,85,8.55,overcast clouds
509,Shalyhyne,UA,51.5717,34.1217,43.45,87,100,13.09,overcast clouds
510,Broken Hill,AU,-31.95,141.4333,71.31,35,100,6.91,overcast clouds
511,Tayu,ID,-6.5397,111.0518,87.91,61,100,6.4,overcast clouds
512,Sable-Sur-Sarthe,FR,47.8376,-0.3329,39.96,92,16,4.29,few clouds
513,Guerrero Negro,MX,27.9769,-114.0611,64.65,84,100,7.83,overcast clouds
514,Sabha,LY,27.0377,14.4283,66.31,32,71,11.72,broken clouds
515,Antigonish,CA,45.6169,-61.9986,45.82,92,30,6.15,scattered clouds
516,Thap Than,TH,15.4606,99.8917,83.62,66,89,12.12,overcast clouds
517,Acapulco,MX,16.8634,-99.8901,77.13,82,32,3.83,scattered clouds
518,Sirjan,IR,29.452,55.6814,55.29,48,9,4.16,clear sky
519,Nouadhibou,MR,20.931,-17.0347,62.58,72,0,14.97,clear sky
520,Suntar,RU,62.1444,117.6319,29.39,94,100,8.93,overcast clouds
521,Sao Joao Do Piaui,BR,-8.3581,-42.2467,75.06,87,100,0.67,light rain
522,Orlik,RU,52.5178,99.825,25.56,67,93,2.75,overcast clouds
523,Yar-Sale,RU,66.8333,70.8333,16.0,93,97,8.16,overcast clouds
524,Vrangel,RU,42.7297,133.0839,49.55,90,100,32.06,moderate rain
525,Aripuana,BR,-9.1667,-60.6333,71.69,99,88,2.04,light rain
526,Mahina,PF,-17.5065,-149.489,78.57,78,20,11.5,few clouds
527,Pacific Grove,US,36.6177,-121.9166,53.96,81,1,1.01,clear sky
528,Larreynaga,NI,12.6769,-86.5719,72.72,81,91,2.35,overcast clouds
529,Yayva,RU,59.3303,57.2641,36.18,84,98,8.19,overcast clouds
530,Mazyr,BY,52.0495,29.2456,44.83,80,100,14.29,overcast clouds
531,Morondava,MG,-20.2833,44.2833,84.94,63,2,4.61,clear sky
532,Chipata,ZM,-13.6333,32.65,84.81,23,69,8.28,broken clouds
533,Praia Da Vitoria,PT,38.7333,-27.0667,69.76,83,40,17.78,scattered clouds
534,Kontagora,NG,10.3999,5.4695,72.99,42,97,1.5,overcast clouds
535,Inta,RU,66.0317,60.1659,20.93,95,99,6.35,overcast clouds
536,Saqqez,IR,36.2499,46.2735,44.35,20,0,2.68,clear sky
537,Bridlington,GB,54.0831,-0.1919,42.28,80,97,5.7,overcast clouds
538,Oranjemund,NA,-28.55,16.4333,61.38,71,26,8.75,scattered clouds
539,Lere,NG,10.387,8.5726,68.27,41,73,1.52,broken clouds
540,Athens,GR,37.9795,23.7162,63.16,89,40,3.0,scattered clouds
541,Vestmannaeyjar,IS,63.4427,-20.2734,44.98,83,92,28.95,overcast clouds
542,Dire,ML,12.2833,-10.9667,74.75,68,7,1.9,clear sky
543,Coxim,BR,-18.5067,-54.76,74.35,89,43,1.34,scattered clouds
544,Antalaha,MG,-14.9003,50.2788,81.81,69,76,9.73,light rain
545,Sovetskiy,RU,61.3614,63.5842,32.63,77,87,10.69,overcast clouds
546,Balakhta,RU,55.38,91.6,35.62,67,93,14.76,overcast clouds
547,Darnah,LY,32.767,22.6367,66.25,79,86,9.82,overcast clouds
548,Katsuura,JP,35.1333,140.3,69.84,61,65,16.82,broken clouds
549,Santiago,CL,-33.4569,-70.6483,64.85,51,20,2.3,few clouds
550,Puerto Gaitan,CO,4.3133,-72.0816,75.34,86,100,3.98,overcast clouds
551,Maturin,VE,9.75,-63.1767,71.69,98,45,3.6,scattered clouds
552,Bam,IR,29.106,58.357,60.03,30,4,7.02,clear sky
553,Puerto Escondido,MX,15.85,-97.0667,77.59,78,79,3.71,broken clouds
554,Atambua,ID,-9.1061,124.8925,84.22,68,80,3.51,broken clouds
555,Iberia,US,29.9502,-91.7507,52.99,100,1,3.44,clear sky
556,Port Said,EG,31.2565,32.2841,73.38,88,0,8.05,clear sky
557,Hachinohe,JP,40.5,141.5,62.04,73,67,7.87,broken clouds
558,Roma,US,43.2128,-75.4557,43.88,86,1,0.0,clear sky
559,Byron Bay,AU,-28.65,153.6167,80.06,74,100,4.43,overcast clouds
560,Haian,CN,32.5436,120.45,51.01,37,2,18.34,clear sky
561,Pemangkat,ID,1.1667,108.9667,85.08,67,58,9.57,broken clouds
562,Kashi,CN,39.4547,75.9797,38.41,32,12,2.24,dust
563,Axim,GH,4.8699,-2.2405,78.21,88,99,6.13,overcast clouds
564,Itoman,JP,26.1247,127.6694,72.37,92,75,9.22,broken clouds
565,Alofi,NU,-19.0595,-169.9187,76.89,83,90,10.36,overcast clouds
566,Albina,SR,5.5,-54.05,73.26,99,100,1.05,overcast clouds
567,Porterville,US,36.0652,-119.0168,58.51,82,90,3.44,overcast clouds
568,Sumter,US,28.7086,-82.0831,58.95,89,0,6.4,clear sky
569,Kibala,TD,9.1104,18.3463,75.15,88,0,0.0,clear sky
570,Kouvola,FI,60.8667,26.7,32.32,96,75,10.36,light shower snow
571,Santa Rosa,PH,14.3122,121.1114,90.1,70,73,12.8,broken clouds
572,Pecos,US,31.4229,-103.4932,64.31,54,1,5.75,clear sky
573,Balakhninskiy,RU,58.0106,114.2769,27.28,88,100,7.29,light snow
574,Thinadhoo,MV,0.5333,72.9333,83.37,66,95,16.24,overcast clouds
575,Chany,RU,55.3121,76.7647,33.87,59,76,19.64,broken clouds
576,Flinders,AU,-34.5833,150.8552,72.81,81,36,5.01,scattered clouds
577,Ust-Omchug,RU,61.15,149.6333,-1.5,100,99,4.76,overcast clouds
578,Bowling Green,US,36.9903,-86.4436,41.74,87,1,0.0,clear sky
579,Copparo,IT,44.893,11.8249,50.0,80,37,3.69,scattered clouds
580,Gobabis,NA,-22.45,18.9667,70.38,18,99,18.07,overcast clouds
581,Tsabong,BW,-26.0217,22.401,72.28,23,96,21.94,overcast clouds
582,Boone,US,39.0334,-92.3335,56.86,77,2,4.0,clear sky
583,Cartagena Del Chaira,CO,1.3349,-74.8429,71.74,99,99,1.59,overcast clouds
584,Opochka,RU,56.7105,28.6617,43.68,84,100,12.57,overcast clouds
585,Borogontsy,RU,62.6683,131.1683,8.22,94,100,8.43,overcast clouds
586,Xai-Xai,MZ,-25.0519,33.6442,83.16,47,83,5.5,broken clouds
587,Buchanan,LR,5.8808,-10.0467,76.96,87,23,0.96,few clouds
588,Roros,NO,62.5747,11.3842,24.64,86,75,5.75,broken clouds
589,Moron,AR,-34.6534,-58.6198,64.96,83,0,3.74,clear sky
590,Kalmunai,LK,7.4167,81.8167,83.53,68,99,4.27,overcast clouds
591,Novoagansk,RU,61.9449,76.6625,32.59,98,100,11.81,light snow
592,Tessalit,ML,20.1986,1.0114,75.42,23,55,4.61,broken clouds
593,Kiama,AU,-34.6833,150.8667,73.0,82,39,9.55,scattered clouds
594,Jinxiang,CN,27.4327,120.6062,61.09,55,34,15.3,scattered clouds
595,Narsaq,GL,60.9167,-46.05,30.42,84,100,3.22,overcast clouds
596,Hualmay,PE,-11.0964,-77.6139,63.12,86,98,6.78,overcast clouds
597,Roquetas De Mar,ES,36.7642,-2.6148,52.61,41,0,3.87,clear sky
598,Bardiyah,LY,31.7561,25.0865,67.1,80,7,3.83,clear sky
599,Lethem,GY,3.3803,-59.7968,76.17,87,99,9.82,overcast clouds
600,Kieta,PG,-6.2167,155.6333,84.43,60,17,4.83,few clouds
601,Kropotkin,RU,45.4375,40.5756,55.08,80,99,7.14,overcast clouds
602,Kandrian,PG,-6.2167,149.55,83.26,78,91,8.66,light rain
603,Natal,BR,-5.795,-35.2094,79.02,83,40,5.75,scattered clouds
604,Soyo,AO,-6.1349,12.3689,78.85,83,98,5.59,overcast clouds
605,Paraguacu Paulista,BR,-22.4128,-50.5758,67.08,75,63,10.71,broken clouds
606,Harwich,GB,51.9419,1.2844,42.35,88,98,5.99,overcast clouds
607,Mahajanga,MG,-15.7167,46.3167,86.02,42,20,17.27,few clouds
608,Bambanglipuro,ID,-7.95,110.2833,82.85,75,100,6.91,overcast clouds
609,Semnan,IR,35.5729,53.3971,49.66,50,4,2.46,clear sky
610,Severomorsk,RU,69.0689,33.4162,21.6,88,90,6.8,overcast clouds
611,Amarante Do Maranhao,BR,-5.5667,-46.7422,69.85,91,87,2.21,overcast clouds
612,Antofagasta,CL,-23.65,-70.4,60.08,79,29,4.47,scattered clouds
613,Warren,US,39.4334,-84.1666,48.29,72,1,3.44,clear sky
614,Mackay,AU,-21.15,149.2,85.98,62,40,20.71,scattered clouds
615,Murgab,TM,37.4966,61.9714,46.27,53,75,0.0,haze
616,Rodino,RU,52.5,80.25,33.51,59,97,16.35,overcast clouds
617,Sisimiut,GL,66.9395,-53.6735,14.77,86,93,8.75,overcast clouds
618,Orcopampa,PE,-15.2661,-72.3417,47.5,38,90,1.21,overcast clouds
619,Chepareria,KE,1.3077,35.2039,69.35,64,78,2.62,broken clouds
620,Cascavel,BR,-24.9558,-53.4553,63.84,93,3,3.27,clear sky
621,Korla,CN,41.7597,86.1469,34.72,20,0,6.35,clear sky
622,Sechura,PE,-5.5569,-80.8222,64.33,80,36,8.81,scattered clouds
623,Tancitaro,MX,19.3333,-102.3667,52.92,63,59,4.65,broken clouds
624,Shangrao,CN,28.4532,117.9686,52.36,60,64,5.14,broken clouds
625,Black River,JM,18.0264,-77.8487,77.0,87,49,4.07,scattered clouds
626,Redlands,US,34.0556,-117.1825,66.54,65,1,0.0,haze
627,Zlobin,HR,45.2924,14.6541,47.5,79,75,10.36,broken clouds
628,Chicama,PE,-7.8447,-79.1469,63.43,86,83,4.34,broken clouds
629,Primorsk,UA,46.7348,36.3443,53.28,86,62,7.94,broken clouds
630,Bourail,NC,-21.5667,165.4833,77.04,62,96,6.6,overcast clouds
631,Santa Cruz De La Palma,ES,28.6835,-17.7642,68.14,60,75,10.36,broken clouds
632,Quesnel,CA,52.9999,-122.5029,34.3,75,75,6.91,broken clouds
633,Shimoda,JP,34.6667,138.95,68.36,61,65,20.71,broken clouds
634,Praia,CV,14.9215,-23.5087,75.74,73,40,11.5,scattered clouds
635,Katobu,ID,-4.9408,122.5276,89.29,60,100,0.83,overcast clouds
636,Nalut,LY,30.3333,10.85,63.52,48,90,3.67,overcast clouds
637,Buraydah,SA,26.326,43.975,63.05,19,0,7.94,clear sky
638,Ola,RU,59.5833,151.2833,22.23,80,100,8.32,overcast clouds
639,Ambilobe,MG,-13.2,49.05,92.48,39,18,4.88,few clouds
640,Maldonado,UY,-34.6667,-54.9167,53.22,91,2,4.12,clear sky
641,Puerto Ayacucho,VE,5.6639,-67.6236,75.2,90,99,2.93,overcast clouds
642,Tutoia,BR,-2.7619,-42.2744,74.41,88,100,4.79,overcast clouds
643,Sheridan,US,44.8333,-106.9173,42.98,67,90,3.44,overcast clouds
644,Abha,SA,18.2164,42.5053,61.05,36,0,0.0,clear sky
645,Zhelyabovka,UA,45.3988,34.7578,55.9,71,75,0.94,broken clouds
646,Barcelos,PT,41.5388,-8.6151,54.68,59,92,4.68,overcast clouds
647,Yining,CN,29.0361,114.5636,55.08,31,60,3.6,broken clouds
648,Uricani,RO,45.3373,23.1524,49.96,80,72,3.13,broken clouds
649,Aksay,RU,47.26,39.87,43.38,68,97,5.23,overcast clouds
650,Yuancheng,CN,36.652,107.7896,33.94,32,0,12.8,clear sky
651,Luwuk,ID,-0.9516,122.7875,85.71,75,91,3.18,overcast clouds
652,Hun,LY,29.1268,15.9477,68.7,31,99,8.52,overcast clouds
653,Garowe,SO,8.4054,48.4845,77.13,52,27,10.02,scattered clouds
654,Akureyri,IS,65.6835,-18.0878,31.93,100,90,5.75,light snow
655,Ossora,RU,59.2353,163.0719,28.33,96,100,3.42,snow
656,Batangafo,CF,7.3008,18.2833,74.23,83,100,4.41,overcast clouds
657,Rio Grande,BR,-32.035,-52.0986,50.95,79,2,2.89,clear sky
658,Allapalli,IN,19.4167,80.0667,83.75,32,41,4.34,scattered clouds
659,Aljezur,PT,37.3191,-8.8033,44.64,56,3,7.16,clear sky
660,Khandbari,NP,27.3747,87.2039,72.34,56,61,4.7,broken clouds
661,Tezu,IN,27.9167,96.1667,82.18,29,0,3.67,clear sky
662,Namatanai,PG,-3.6667,152.4333,85.03,63,84,12.03,broken clouds
663,Kholodnyy,RU,62.7167,147.95,-2.96,97,100,3.13,overcast clouds
664,Opuwo,NA,-18.0607,13.84,74.89,25,63,1.16,broken clouds
665,Blagoyevo,RU,63.3667,47.9167,24.84,94,68,3.2,broken clouds
666,Aranos,NA,-24.1333,19.1167,66.52,18,56,17.78,broken clouds
667,Alterosa,BR,-21.2492,-46.1431,64.81,95,26,4.5,scattered clouds
668,Kinablangan,PH,7.6947,126.5503,85.19,72,9,6.33,clear sky
669,Upington,ZA,-28.4478,21.2561,62.98,39,75,20.71,broken clouds
670,Nuoro,IT,40.3211,9.3297,49.19,84,88,2.73,overcast clouds
671,Aykhal,RU,66.0,111.5,20.89,93,98,18.77,overcast clouds
672,Chalchihuites,MX,23.4833,-103.8833,52.65,41,7,3.89,clear sky
673,Pochutla,MX,15.7432,-96.4661,76.82,75,67,4.34,broken clouds
674,Felipe Carrillo Puerto,MX,19.5833,-88.05,63.5,92,34,3.02,scattered clouds
675,Nyimba,ZM,-14.5566,30.8149,90.25,19,67,3.89,broken clouds
676,Rio Brilhante,BR,-21.8019,-54.5464,71.1,89,11,4.25,few clouds
677,Pontianak,ID,-0.0333,109.3333,87.78,66,75,4.61,broken clouds
678,Muravlenko,RU,63.7898,74.523,30.85,96,99,15.88,overcast clouds
679,Petropavlovsk-Kamchatskiy,RU,53.0452,158.6483,32.59,60,75,11.18,broken clouds
680,Codrington,AU,-38.2667,141.9667,58.64,60,62,11.18,broken clouds
681,Pascagoula,US,30.3658,-88.5561,50.02,92,1,0.0,clear sky
682,Galle,LK,6.0367,80.217,77.92,87,100,19.48,overcast clouds
683,Male,MV,4.1748,73.5089,85.95,79,75,13.8,broken clouds
684,Kalmar,SE,56.6616,16.3616,39.96,91,40,11.5,scattered clouds
685,Madimba,TZ,-10.4,40.3333,81.72,74,20,11.5,few clouds
686,Barra Do Garcas,BR,-15.89,-52.2567,73.47,89,100,1.52,light rain
687,San Pedro,PH,14.35,121.0167,89.35,69,75,5.75,broken clouds
688,Aktau,KZ,43.65,51.2,39.78,61,99,13.42,overcast clouds
689,Ostrovnoy,RU,68.0531,39.5131,19.63,96,99,11.23,light snow
690,Adra,ES,36.7496,-3.0206,52.45,32,0,5.37,clear sky
691,Tupik,RU,54.4253,119.9327,23.43,48,11,4.99,few clouds
692,Alice Springs,AU,-23.7,133.8833,67.21,89,90,4.0,overcast clouds
